Date,Content
2019-10-01,https://boxd.it/vUAvZ
2019-10-02,https://boxd.it/NYhYN
2019-10-02,https://boxd.it/eZ6Xr
2019-10-02,https://boxd.it/Jaywb
2019-10-02,https://boxd.it/PjQXL
2019-10-02,https://boxd.it/oXQIN
2019-10-02,https://boxd.it/dQYtt
2019-10-02,https://boxd.it/d9qKz
2019-10-02,https://boxd.it/NkvK1
2019-10-02,https://boxd.it/aZew3
2019-10-02,https://boxd.it/g8zBB
2019-10-07,https://boxd.it/Fo3Dn
2019-11-02,https://boxd.it/8LY8P
2019-12-25,https://boxd.it/aZVY5
2019-12-25,https://boxd.it/iszLp
2020-03-29,https://boxd.it/12zRaJ
2020-04-10,https://boxd.it/12YLLJ
2020-08-02,https://boxd.it/1hofYz
2020-10-13,https://boxd.it/1oUpqJ
2021-03-08,https://boxd.it/u4OkD
2022-02-06,https://boxd.it/mrYQ9
2022-04-01,https://boxd.it/4cty7
2023-01-03,https://boxd.it/3xmdWx
2023-01-03,https://boxd.it/3wNPNN
2023-01-24,https://boxd.it/1Kzm6n
2023-01-24,https://boxd.it/1kZxel
2023-02-10,https://boxd.it/szGOp
2023-05-16,https://boxd.it/2tNsz
2023-05-31,https://boxd.it/1WSpXP
2023-06-14,https://boxd.it/41Uup
2023-08-04,https://boxd.it/4DzwpF
2023-08-21,https://boxd.it/2R0OYX
2023-08-24,https://boxd.it/33rIl3
2023-09-12,https://boxd.it/4hxtMJ
2023-10-07,https://boxd.it/yE8af
2023-10-27,https://boxd.it/53yGpn
2023-11-05,https://boxd.it/1Pj9gd
2023-11-16,https://boxd.it/2V1x9h
2023-12-09,https://boxd.it/1g5OST
2023-12-11,https://boxd.it/4QlLsj
2023-12-11,https://boxd.it/4Yii0L
2023-12-18,https://boxd.it/4uqzd
2023-12-31,https://boxd.it/idZs9
2024-01-31,https://boxd.it/1PJXSX
2024-02-22,https://boxd.it/hQ9Vx
2024-03-25,https://boxd.it/666rCP
2024-05-31,https://boxd.it/1cw2rj
2024-08-30,https://boxd.it/6RuwGN
2024-10-31,https://boxd.it/7DFywz
2025-01-09,https://boxd.it/8o5M6L
2025-01-19,https://boxd.it/7Jr8ZL
2025-02-21,https://boxd.it/85HKV3
2025-02-21,https://boxd.it/7PO9rF
2025-05-31,https://boxd.it/6jZq4p
2025-05-31,https://boxd.it/6j9wTf
2025-06-08,https://boxd.it/9ucDp1
2025-10-24,https://boxd.it/brNrtt
2025-11-13,https://boxd.it/gVynr
2025-12-02,https://boxd.it/1s504n
